Nama,Usia,Jenis_Kelamin,Kolesterol,Gula_Darah,Nyeri_Dada,Sesak_Napas,Kelelahan,Denyut_Jantung,Penyakit_Jantung,Sistolik,Diastolik
Zainal Muttaqin,43,P,194,144,Tidak,Tidak,Tidak,72,Jantung bawaan biru (Riwayat),126,85
Yati Hartati,48,P,236,94,Tidak,Ya,Tidak,114,Demam reumatik (Dampak),126,84
Diah Suryani,63,L,266,142,Ya,Tidak,Tidak,50,Demam reumatik (Dampak),169,92
Ade Supriyadi,59,L,172,96,Tidak,Tidak,Tidak,57,Demam reumatik (Dampak),133,72
Joko Waluyo,65,P,258,106,Tidak,Ya,Tidak,62,Gagal jantung,132,114
Ani Sumiati,47,P,235,150,Tidak,Tidak,Tidak,73,Demam reumatik (Dampak),160,89
Heru Susanto,55,L,255,140,Tidak,Tidak,Tidak,102,Jantung bawaan biru (Riwayat),136,92
Yulianti,67,P,207,150,Tidak,Ya,Ya,67,Gagal jantung,130,74
Agus Mulyadi,41,L,207,110,Tidak,Tidak,Tidak,90,Tidak Ada,127,91
Udin Badut,48,P,173,137,Tidak,Ya,Tidak,51,Demam reumatik (Dampak),125,81
Pipit Karlina,69,L,207,149,Tidak,Tidak,Ya,117,Penyakit jantung koroner,151,90
Zainal Fanani,55,L,192,91,Ya,Tidak,Tidak,81,Jantung bawaan biru (Riwayat),112,70
Maman Setiawan,50,L,195,140,Ya,Tidak,Tidak,103,Jantung bawaan biru (Riwayat),128,81
Vera Karlina,42,L,220,114,Tidak,Tidak,Ya,79,Tidak Ada,120,76
Tuti Rahayu,56,P,241,137,Tidak,Tidak,Ya,80,Tidak Ada,136,83
Pipit Susilawati,47,P,200,111,Tidak,Tidak,Ya,79,Tidak Ada,119,86
Eko Wibowo,62,P,259,175,Tidak,Tidak,Tidak,105,Penyakit jantung koroner,153,90
Lina Puspita,42,L,240,144,Tidak,Tidak,Tidak,103,Jantung bawaan biru (Riwayat),122,94
Asep Hidayat,48,P,279,111,Tidak,Tidak,Tidak,64,Penyakit jantung koroner,177,108
Tuti Sunarti,40,P,193,173,Tidak,Tidak,Tidak,120,Tidak Ada,140,78
Diah Kumala,54,P,259,153,Tidak,Ya,Tidak,88,Jantung bawaan biru (Riwayat),156,92
Iwan Kurniawan,42,L,204,141,Tidak,Tidak,Ya,119,Gagal jantung,147,106
Nurul Huda,40,P,209,114,Tidak,Tidak,Tidak,57,Jantung bawaan biru (Riwayat),129,77
Ahmad Hidayat,61,L,236,153,Tidak,Tidak,Tidak,88,Gagal jantung,181,98
Taufik Hidayat,44,L,211,101,Tidak,Tidak,Tidak,102,Penyakit jantung koroner,132,111
Rudianto,54,P,179,139,Tidak,Tidak,Ya,67,Gagal jantung,126,85
Retno Wati,42,L,206,135,Tidak,Ya,Ya,66,Gagal jantung,144,88
Ira Fauziah,41,L,171,148,Tidak,Tidak,Ya,65,Tidak Ada,114,88
Cecep Suryana,56,P,240,113,Tidak,Ya,Ya,86,Gagal jantung,166,86
Sugeng Riyadi,64,L,256,149,Tidak,Tidak,Tidak,81,Penyakit jantung koroner,135,91
Pipit Lestari,45,P,228,96,Tidak,Tidak,Ya,108,Demam reumatik (Dampak),120,80
Oman Fauzi,60,L,200,115,Tidak,Tidak,Tidak,71,Tidak Ada,137,113
Gina Lestari,64,L,191,150,Tidak,Ya,Tidak,99,Penyakit jantung koroner,125,99
Pipit Susanti,62,P,209,144,Tidak,Tidak,Tidak,77,Gagal jantung,132,71
Iwan Suryana,52,P,213,138,Tidak,Tidak,Tidak,72,Demam reumatik (Dampak),142,99
Ratih Kumala,51,P,213,148,Tidak,Tidak,Tidak,116,Penyakit jantung koroner,138,83
Siti Nurjanah,53,L,217,176,Tidak,Ya,Tidak,78,Gagal jantung,144,110
Ade Hidayat,67,P,270,177,Ya,Tidak,Tidak,57,Tidak Ada,178,104
Eko Cokro,51,P,245,125,Tidak,Tidak,Tidak,81,Jantung bawaan biru (Riwayat),154,84
Dadang Supriatna,60,L,220,108,Tidak,Tidak,Tidak,116,Penyakit jantung koroner,137,93
Dadang Iskandar,61,L,266,123,Tidak,Ya,Ya,109,Gagal jantung,140,89
Joko Susanto,40,P,217,127,Tidak,Tidak,Ya,94,Penyakit jantung koroner,135,87
Eko Prasetyo,41,L,218,129,Tidak,Tidak,Tidak,92,Penyakit jantung koroner,186,87
Neneng Siti,44,L,220,101,Tidak,Tidak,Ya,65,Jantung bawaan biru (Riwayat),137,85
Nina Karmila,49,P,240,137,Tidak,Tidak,Ya,98,Gagal jantung,121,84
Ira Kumala,50,L,245,108,Ya,Ya,Ya,68,Demam reumatik (Dampak),137,95
Siti Fatimah,56,P,170,147,Tidak,Tidak,Tidak,55,Penyakit jantung koroner,117,85
Bambang Nugroho,40,P,173,123,Ya,Tidak,Tidak,61,Demam reumatik (Dampak),118,83
Ahmad Ghozali,40,P,212,106,Tidak,Tidak,Ya,119,Tidak Ada,120,97
Kusmiati,50,L,241,132,Tidak,Tidak,Ya,88,Gagal jantung,181,101
Udin Samsudin,50,L,189,94,Ya,Tidak,Tidak,79,Jantung bawaan biru (Riwayat),130,83
Sugeng Widodo,54,P,264,148,Tidak,Ya,Tidak,79,Jantung bawaan biru (Riwayat),135,119
Bambang Sunaryo,49,P,239,117,Tidak,Ya,Tidak,68,Jantung bawaan biru (Riwayat),129,92
Maman Suryana,41,L,206,92,Tidak,Tidak,Tidak,67,Demam reumatik (Dampak),157,80
Heru Prasetyo,59,P,204,118,Tidak,Tidak,Tidak,113,Penyakit jantung koroner,116,72
Sobari,47,P,213,110,Tidak,Tidak,Tidak,65,Tidak Ada,150,85
Ujang Maman,52,P,262,168,Ya,Ya,Tidak,65,Tidak Ada,159,100
Sri Wahyuni,49,P,262,180,Ya,Tidak,Ya,109,Demam reumatik (Dampak),189,92
Zuhairah,63,L,189,105,Tidak,Tidak,Tidak,55,Demam reumatik (Dampak),113,81
Lina Marlina,49,P,203,125,Tidak,Tidak,Tidak,112,Penyakit jantung koroner,143,96
